{
  "pools": [
    {
      "rolls": 1,
      "entries": [
        {
          "type": "minecraft:alternatives",
          "children": [
            {
              "type": "minecraft:item",
              "name": "mellow:full_rubber_log",
              "conditions": [
                {
                  "condition": "minecraft:match_tool",
                  "predicate": {
                    "enchantments": [
                      {
                        "enchantment": "minecraft:silk_touch",
                        "levels": {
                          "min": 1
                        }
                      }
                    ]
                  }
                }
              ]
            },
            {
              "type": "minecraft:loot_table",
              "name": "mellow:blocks/resin_log"
            }
          ],
          "conditions": [
            {
              "condition": "minecraft:survives_explosion"
            }
          ]
        }
      ]
    }
  ],
  "random_sequence": "mellow:blocks/full_rubber_log"
}
